,INSTNM,BRANCH,Address,City,State,ZIP,sector_cd,Sector_desc,men_total,women_total,Total,RAPE16,FONDL16,ROBBE16,AGG_A16,geo_address,lat_lng
0,Alabama A & M University,Main Campus,4900 MERIDIAN ST,NORMAL,AL,35762,1,"Public, 4-year or above",2413.0,3446.0,5859.0,1,0,1,0,"4900 MERIDIAN ST, NORMAL, AL, 35762",
5,Alabama State University,Main Campus,915 SOUTH JACKSON ST,MONTGOMERY,AL,361040271,1,"Public, 4-year or above",1952.0,3366.0,5318.0,0,0,3,3,"915 SOUTH JACKSON ST, MONTGOMERY, AL, 361040271",
89,University of South Alabama,Main Campus,307 N UNIVERSITY BLVD,MOBILE,AL,366880002,1,"Public, 4-year or above",6516.0,9927.0,16443.0,8,2,1,0,"307 N UNIVERSITY BLVD, MOBILE, AL, 366880002",
95,Troy University,Troy Campus,University Avenue,TROY,AL,360820001,1,"Public, 4-year or above",6871.0,10984.0,17855.0,2,1,1,0,"University Avenue, TROY, AL, 360820001",
103,Tuskegee University,TUSKEGEE UNIVERSITY,"Kresge Center, 3rd Floor RM 310",Tuskegee,AL,360881920,2,"Private nonprofit, 4-year or above",1083.0,1768.0,2851.0,0,0,0,4,"Kresge Center, 3rd Floor RM 310, Tuskegee, AL, 360881920",
198,Universal Technical Institute of Arizona Inc-Motorcycle Mechanics Institute Division,Universal Technical Institute-Motorcycle Mechanics Institute Division,2844 W DEER VALLEY RD,PHOENIX,AZ,85027,6,"Private for-profit, 2-year",1127.0,55.0,1182.0,0,1,0,0,"2844 W DEER VALLEY RD, PHOENIX, AZ, 85027",
199,Dine College,Main Campus,"Route 12, NHC Bldg. 1st Floor, Room 113",TSAILE,AZ,86556,1,"Public, 4-year or above",463.0,933.0,1396.0,0,0,0,4,"Route 12, NHC Bldg. 1st Floor, Room 113, TSAILE, AZ, 86556",
200,Dine College,Shiprock,Box 580,Shiprock,NM,87420,1,"Public, 4-year or above",463.0,933.0,1396.0,0,0,0,1,"Box 580, Shiprock, NM, 87420",
205,Northern Arizona University,Flagstaff Mountain Campus,"Knoles Drive, Babbit Administrative Ctr",FLAGSTAFF,AZ,860114132,1,"Public, 4-year or above",12014.0,18347.0,30361.0,23,2,2,9,"Knoles Drive, Babbit Administrative Ctr, FLAGSTAFF, AZ, 860114132",
293,University of Arkansas for Medical Sciences,University of Arkansas for Medical Sciences,4301 W MARKHAM SLOT 583,LITTLE ROCK,AR,72205,1,"Public, 4-year or above",938.0,1931.0,2869.0,0,0,0,2,"4301 W MARKHAM SLOT 583, LITTLE ROCK, AR, 72205",
303,University of Arkansas at Pine Bluff,UAPB - University of Arkansas at Pine Bluff,1200 N UNIVERSITY MAIL SLOT 4967,PINE BLUFF,AR,716014967,1,"Public, 4-year or above",1172.0,1649.0,2821.0,0,1,1,0,"1200 N UNIVERSITY MAIL SLOT 4967, PINE BLUFF, AR, 716014967",
395,Academy of Art University,Main Campus,79 NEW MONTGOMERY,SAN FRANCISCO,CA,94105,3,"Private for-profit, 4-year or above",5128.0,7480.0,12608.0,2,1,0,4,"79 NEW MONTGOMERY, SAN FRANCISCO, CA, 94105",
424,Bakersfield College,Bakersfield College,1801 Panorama Drive,Bakersfield,CA,933051299,4,"Public, 2-year",10124.0,12586.0,22710.0,1,0,1,0,"1801 Panorama Drive, Bakersfield, CA, 933051299",
436,Cabrillo College,Aptos Campus,6500 SOQUEL DR,APTOS,CA,95003,4,"Public, 2-year",5466.0,6512.0,11978.0,0,0,0,3,"6500 SOQUEL DR, APTOS, CA, 95003",
446,California Institute of Technology,Main Campus,"1200 E CALIFORNIA BLVD, MC 200-63",PASADENA,CA,91125,2,"Private nonprofit, 4-year or above",1479.0,761.0,2240.0,11,2,2,5,"1200 E CALIFORNIA BLVD, MC 200-63, PASADENA, CA, 91125",
467,California State University-Chico,Main Campus,400 W. 1st  St,Chico,CA,959290150,1,"Public, 4-year or above",8151.0,9406.0,17557.0,6,2,1,2,"400 W. 1st  St, Chico, CA, 959290150",
470,California State University-Fullerton,Main Campus,800 N STATE COLLEGE BLVD,FULLERTON,CA,928319480,1,"Public, 4-year or above",17625.0,22610.0,40235.0,3,2,1,4,"800 N STATE COLLEGE BLVD, FULLERTON, CA, 928319480",
478,California State University-Long Beach,Main Campus,1250 BELLFLOWER BLVD,LONG BEACH,CA,908400115,1,"Public, 4-year or above",16103.0,21673.0,37776.0,3,3,2,4,"1250 BELLFLOWER BLVD, LONG BEACH, CA, 908400115",
487,University of California-Irvine,UCI Medical Center,101 The City Drive,Orange,CA,92868,1,"Public, 4-year or above",15816.0,16938.0,32754.0,1,7,0,0,"101 The City Drive, Orange, CA, 92868",
488,University of California-Los Angeles,UCLA,405 HILGARD AVE,LOS ANGELES,CA,900951364,1,"Public, 4-year or above",20268.0,23280.0,43548.0,15,9,3,18,"405 HILGARD AVE, LOS ANGELES, CA, 900951364",
490,University of California-San Diego,Main Campus,9500 Gilman Dr Mail Code 0005,La Jolla,CA,920930005,1,"Public, 4-year or above",18807.0,16172.0,34979.0,10,6,3,8,"9500 Gilman Dr Mail Code 0005, La Jolla, CA, 920930005",
493,University of California-San Francisco,Mount Zion,1600 Divisadero Street,San Francisco,CA,941430402,1,"Public, 4-year or above",1155.0,1990.0,3145.0,0,0,0,1,"1600 Divisadero Street, San Francisco, CA, 941430402",
507,College of the Canyons,College of the Canyons,26455 ROCKWELL CANYON RD,Valencia,CA,913551899,4,"Public, 2-year",10708.0,9258.0,19966.0,0,2,0,0,"26455 ROCKWELL CANYON RD, Valencia, CA, 913551899",
534,Citrus College,Main Campus,1000 W Foothill Blvd.,Glendora,CA,917411899,4,"Public, 2-year",5929.0,6824.0,12753.0,0,2,0,0,"1000 W Foothill Blvd., Glendora, CA, 917411899",
589,Fashion Institute of Design & Merchandising-Los Angeles,Main Campus,919 S GRAND AVE,LOS ANGELES,CA,900151421,3,"Private for-profit, 4-year or above",289.0,2335.0,2624.0,0,0,0,1,"919 S GRAND AVE, LOS ANGELES, CA, 900151421",
623,Glendale Community College,Garfield Campus,1122 E. Garfield Ave,Glendale,CA,912052526,4,"Public, 2-year",6933.0,8245.0,15178.0,0,0,1,0,"1122 E. Garfield Ave, Glendale, CA, 912052526",
636,Harvey Mudd College,Main Campus,301 Platt Boulevard,Claremont,CA,917113947,2,"Private nonprofit, 4-year or above",457.0,385.0,842.0,5,8,0,0,"301 Platt Boulevard, Claremont, CA, 917113947",
640,Humboldt State University,Humboldt State University,1 HARPST STREET,ARCATA,CA,955218299,1,"Public, 4-year or above",3716.0,4787.0,8503.0,4,1,2,2,"1 HARPST STREET, ARCATA, CA, 955218299",
682,Loma Linda University,Loma Linda University,11206 Campus Street Suite A,LOMA LINDA,CA,92354,2,"Private nonprofit, 4-year or above",1633.0,2811.0,4444.0,0,2,0,0,"11206 Campus Street Suite A, LOMA LINDA, CA, 92354",
764,National University,Los Angeles,"5245 Pacific Concourse Drive, Suite 100",Los Angeles,CA,900456905,2,"Private nonprofit, 4-year or above",6755.0,10437.0,17192.0,0,0,1,0,"5245 Pacific Concourse Drive, Suite 100, Los Angeles, CA, 900456905",
792,Occidental College,Occidental College,1600 CAMPUS RD,LOS ANGELES,CA,900413392,2,"Private nonprofit, 4-year or above",863.0,1106.0,1969.0,6,4,1,2,"1600 CAMPUS RD, LOS ANGELES, CA, 900413392",
821,Pepperdine University,Malibu - Main Campus,24255 Pacific Coast Highway,Malibu,CA,90263,2,"Private nonprofit, 4-year or above",3197.0,4629.0,7826.0,2,0,0,0,"24255 Pacific Coast Highway, Malibu, CA, 90263",
913,San Joaquin Valley College-Visalia,Hesperia Campus,9331 Mariposa Rd,Hesperia,CA,92344,6,"Private for-profit, 2-year",1651.0,3902.0,5553.0,0,0,0,1,"9331 Mariposa Rd, Hesperia, CA, 92344",
1038,University of Colorado Denver/Anschutz Medical Campus,CU Denver - Anschutz Medical Campus,13001 E. 17th Pl.,Aurora,CO,80045,1,"Public, 4-year or above",10164.0,13796.0,23960.0,0,2,0,1,"13001 E. 17th Pl., Aurora, CO, 80045",
1041,University of Colorado Boulder,Main Campus,Campus Box 17 UCB,Boulder,CO,803090017,1,"Public, 4-year or above",18983.0,14994.0,33977.0,14,12,1,8,"Campus Box 17 UCB, Boulder, CO, 803090017",
1043,Colorado College,Colorado College,14 E CACHE LA POUDRE,COLORADO SPRINGS,CO,80903,2,"Private nonprofit, 4-year or above",966.0,1148.0,2114.0,14,0,0,0,"14 E CACHE LA POUDRE, COLORADO SPRINGS, CO, 80903",
1049,Colorado School of Mines,Main Campus,1500 ILLINOIS ST,GOLDEN,CO,80401,1,"Public, 4-year or above",4257.0,1812.0,6069.0,8,1,0,0,"1500 ILLINOIS ST, GOLDEN, CO, 80401",
1051,Colorado State University-Fort Collins,Main Campus,102 Administration Building,Fort Collins,CO,805230100,1,"Public, 4-year or above",15238.0,16618.0,31856.0,14,7,0,0,"102 Administration Building, Fort Collins, CO, 805230100",
1096,Pikes Peak Community College,Rampart Range Campus,11195 Highway 83,Colorado Springs,CO,809213602,4,"Public, 2-year",5631.0,7523.0,13154.0,0,1,0,0,"11195 Highway 83, Colorado Springs, CO, 809213602",
1104,Regis University,Northwest Denver Campus,3333 REGIS BLVD,DENVER,CO,802211099,2,"Private nonprofit, 4-year or above",3141.0,5227.0,8368.0,4,3,0,1,"3333 REGIS BLVD, DENVER, CO, 802211099",
1115,Intellitec College-Grand Junction,INTELLITEC COLLEGE - Albuquerque,5001 Montgomery Blvd. NE Suite A24,Albuquerque,NM,87109,6,"Private for-profit, 2-year",434.0,508.0,942.0,0,0,0,1,"5001 Montgomery Blvd. NE Suite A24, Albuquerque, NM, 87109",
1195,Western Connecticut State University,West Side Campus,43 Lake Ave. Extension,Danbury,CT,068106860,1,"Public, 4-year or above",2651.0,3070.0,5721.0,1,0,0,0,"43 Lake Ave. Extension, Danbury, CT, 068106860",
1273,Barry University,Main Campus,11300 NE 2ND AVE,MIAMI,FL,331616695,2,"Private nonprofit, 4-year or above",2600.0,4804.0,7404.0,1,1,1,0,"11300 NE 2ND AVE, MIAMI, FL, 331616695",
1335,Florida Agricultural and Mechanical University,Main Campus,Lee Hall    1601 S. Martin Luther King Jr. Blvd,Tallahassee,FL,32307,1,"Public, 4-year or above",3419.0,6200.0,9619.0,6,0,1,0,"Lee Hall    1601 S. Martin Luther King Jr. Blvd, Tallahassee, FL, 32307",
1345,Florida State College at Jacksonville,North,4501 CAPPER ROAD,JACKSONVILLE,FL,32218,1,"Public, 4-year or above",9585.0,14493.0,24078.0,0,0,0,1,"4501 CAPPER ROAD, JACKSONVILLE, FL, 32218",
1377,Florida International University,Modesto A. Maidique Campus,11200 S.W. 8 Street,MIAMI,FL,331990001,1,"Public, 4-year or above",23753.0,31250.0,55003.0,7,4,7,2,"11200 S.W. 8 Street, MIAMI, FL, 331990001",
1378,Florida International University,Biscayne Bay Campus,3000 NE 15th St,Miami,FL,33181,1,"Public, 4-year or above",23753.0,31250.0,55003.0,1,0,0,0,"3000 NE 15th St, Miami, FL, 33181",
1387,Florida Memorial University,Main Campus,15800 NW 42 AVE,Miami Gardens,FL,330546199,2,"Private nonprofit, 4-year or above",486.0,853.0,1339.0,2,0,1,1,"15800 NW 42 AVE, Miami Gardens, FL, 330546199",
1391,Florida State University,Main Campus,211 WESTCOTT BLDG,TALLAHASSEE,FL,323061037,1,"Public, 4-year or above",18305.0,22868.0,41173.0,16,1,5,4,"211 WESTCOTT BLDG, TALLAHASSEE, FL, 323061037",
1463,State College of Florida-Manatee-Sarasota,Bradenton Campus,5840 26TH ST W,BRADENTON,FL,34207,1,"Public, 4-year or above",4043.0,6437.0,10480.0,0,0,1,1,"5840 26TH ST W, BRADENTON, FL, 34207",
1534,Rollins College,Main Campus,1000 HOLT AVE,WINTER PARK,FL,327894499,2,"Private nonprofit, 4-year or above",1333.0,1907.0,3240.0,16,5,1,2,"1000 HOLT AVE, WINTER PARK, FL, 327894499",
1585,University of South Florida-Main Campus,USF Tampa Campus,4202 EAST FOWLER AVE  UPB002,TAMPA,FL,336209951,1,"Public, 4-year or above",19485.0,23376.0,42861.0,4,3,4,1,"4202 EAST FOWLER AVE  UPB002, TAMPA, FL, 336209951",
1677,Clayton  State University,Clayton State University,2000 Clayton State Blvd.,MORROW,GA,302600285,1,"Public, 4-year or above",2188.0,4808.0,6996.0,1,0,0,0,"2000 Clayton State Blvd., MORROW, GA, 302600285",
1721,Georgia State University,Main Campus,PO Box 3965,ATLANTA,GA,303023965,1,"Public, 4-year or above",13081.0,19156.0,32237.0,4,0,8,7,"PO Box 3965, ATLANTA, GA, 303023965",
1727,University of Georgia,Main Campus,The University of Georgia,ATHENS,GA,30602,1,"Public, 4-year or above",15584.0,20990.0,36574.0,14,4,2,1,"The University of Georgia, ATHENS, GA, 30602",
1732,Southern Crescent Technical College,Flint River Campus,1533 Hwy 19 South,Thomaston,GA,30286,4,"Public, 2-year",1596.0,3107.0,4703.0,0,1,0,0,"1533 Hwy 19 South, Thomaston, GA, 30286",
1740,LaGrange College,LaGrange College,601 Broad Street,LaGrange,GA,302402999,2,"Private nonprofit, 4-year or above",492.0,534.0,1026.0,0,1,0,1,"601 Broad Street, LaGrange, GA, 302402999",
1763,Mercer University,Atlanta Campus,3001 Mercer University Drive,Atlanta,GA,30341,2,"Private nonprofit, 4-year or above",3179.0,5436.0,8615.0,1,0,0,0,"3001 Mercer University Drive, Atlanta, GA, 30341",
1780,Savannah College of Art and Design,Main Campus - Savannah,342 BULL ST,SAVANNAH,GA,314023146,2,"Private nonprofit, 4-year or above",4195.0,8169.0,12364.0,4,1,1,2,"342 BULL ST, SAVANNAH, GA, 314023146",
1784,Savannah State University,Savannah State University,3219 COLLEGE STREET,SAVANNAH,GA,31404,1,"Public, 4-year or above",1977.0,2978.0,4955.0,0,0,3,9,"3219 COLLEGE STREET, SAVANNAH, GA, 31404",
1837,Idaho State University,ISU -- Pocatello,"921 S. 8th Ave., Stop 8310",POCATELLO,ID,832098140,1,"Public, 4-year or above",5904.0,7012.0,12916.0,1,1,0,0,"921 S. 8th Ave., Stop 8310, POCATELLO, ID, 832098140",
1855,Northwest Nazarene University,Main Campus,623 S. University Boulevard,Nampa,ID,836865897,2,"Private nonprofit, 4-year or above",891.0,1266.0,2157.0,0,0,0,1,"623 S. University Boulevard, Nampa, ID, 836865897",
1857,Brigham Young University-Idaho,BYU-Idaho,525 S CENTER,Rexburg,ID,834601650,2,"Private nonprofit, 4-year or above",19061.0,25760.0,44821.0,3,7,0,0,"525 S CENTER, Rexburg, ID, 834601650",
1869,Aurora University,Main Campus,347 S GLADSTONE AVE,AURORA,IL,605064892,2,"Private nonprofit, 4-year or above",1765.0,3878.0,5643.0,1,0,0,0,"347 S GLADSTONE AVE, AURORA, IL, 605064892",
1902,Chicago State University,Main Campus,9501 S. King Drive Suite ADM #313,CHICAGO,IL,606281598,1,"Public, 4-year or above",1210.0,2368.0,3578.0,0,0,2,1,"9501 S. King Drive Suite ADM #313, CHICAGO, IL, 606281598",
1921,City Colleges of Chicago-Richard J Daley College,Arturo Velasquez Institute,2800 S. Western Ave.,Chicago,IL,60608,4,"Public, 2-year",3148.0,4259.0,7407.0,0,1,0,0,"2800 S. Western Ave., Chicago, IL, 60608",
1954,Governors State University,Main Campus,1 UNIVERSITY PKY,UNIVERSITY PARK,IL,60484,1,"Public, 4-year or above",2017.0,3802.0,5819.0,0,2,0,0,"1 UNIVERSITY PKY, UNIVERSITY PARK, IL, 60484",
1966,University of Illinois at Chicago,UIC Peoria Regional Campus,"One Illini Drive, Box 1649",Peoria,IL,61656,1,"Public, 4-year or above",13719.0,15401.0,29120.0,0,0,0,2,"One Illini Drive, Box 1649, Peoria, IL, 61656",
1969,University of Illinois at Chicago,UIC Urbana-Champaign Regional Campus,901 West Illinois Street,Urbana,IL,61801,1,"Public, 4-year or above",13719.0,15401.0,29120.0,1,1,0,0,"901 West Illinois Street, Urbana, IL, 61801",
1986,Illinois Institute of Technology,Mies Campus,10 West 35th Street,CHICAGO,IL,60616,2,"Private nonprofit, 4-year or above",5060.0,2670.0,7730.0,1,0,18,2,"10 West 35th Street, CHICAGO, IL, 60616",
1992,Illinois State University,Illinois State University,201 S. School St. Hovey Hall rm 421 Campus Box 1000,NORMAL,IL,617901000,1,"Public, 4-year or above",9164.0,11875.0,21039.0,14,2,0,8,"201 S. School St. Hovey Hall rm 421 Campus Box 1000, NORMAL, IL, 617901000",
2044,Loyola University Chicago,Water Tower Campus,820 N. Michigan Avenue,Chicago,IL,606119810,2,"Private nonprofit, 4-year or above",5587.0,10835.0,16422.0,1,2,0,0,"820 N. Michigan Avenue, Chicago, IL, 606119810",
2057,McKendree University,Main Campus,701 COLLEGE RD,LEBANON,IL,622541299,2,"Private nonprofit, 4-year or above",1243.0,1659.0,2902.0,2,0,2,0,"701 COLLEGE RD, LEBANON, IL, 622541299",
2081,North Park University,Main Campus,3225 W . Foster Avenue,Chicago,IL,606254895,2,"Private nonprofit, 4-year or above",1085.0,1958.0,3043.0,8,0,1,3,"3225 W . Foster Avenue, Chicago, IL, 606254895",
2098,Olivet Nazarene University,Olivet Nazarene University,One University Avenue,Bourbonnais,IL,609142271,2,"Private nonprofit, 4-year or above",1655.0,3252.0,4907.0,2,0,0,1,"One University Avenue, Bourbonnais, IL, 609142271",
2137,Saint Xavier University,Chicago Campus,3700 W 103rd Street,Chicago,IL,606553110,2,"Private nonprofit, 4-year or above",1326.0,2570.0,3896.0,2,2,0,0,"3700 W 103rd Street, Chicago, IL, 606553110",
2162,Southern Illinois University-Edwardsville,Edwardsville Campus,IL State Rte 157,EDWARDSVILLE,IL,620261001,1,"Public, 4-year or above",6479.0,7663.0,14142.0,2,1,0,3,"IL State Rte 157, EDWARDSVILLE, IL, 620261001",
2333,Valparaiso University,VALPARAISO UNIVERSITY,"1700 CHAPEL DRIVE, US HWY 30",VALPARAISO,IN,463839978,2,"Private nonprofit, 4-year or above",2076.0,2336.0,4412.0,2,1,0,0,"1700 CHAPEL DRIVE, US HWY 30, VALPARAISO, IN, 463839978",
2335,Vincennes University,Main Campus,1002 N FIRST ST,VINCENNES,IN,47591,1,"Public, 4-year or above",10216.0,8681.0,18897.0,3,1,1,1,"1002 N FIRST ST, VINCENNES, IN, 47591",
2361,Dordt College,Main Campus,498 4TH AVE NE,SIOUX CENTER,IA,512501697,2,"Private nonprofit, 4-year or above",792.0,730.0,1522.0,1,0,0,0,"498 4TH AVE NE, SIOUX CENTER, IA, 512501697",
2375,Grinnell College,Main Campus,1115 8th Avenue,GRINNELL,IA,501121690,2,"Private nonprofit, 4-year or above",770.0,929.0,1699.0,5,6,0,0,"1115 8th Avenue, GRINNELL, IA, 501121690",
2391,Iowa Central Community College,Main Campus,One Triton Circle,FORT DODGE,IA,50501,4,"Public, 2-year",2825.0,2887.0,5712.0,1,0,0,0,"One Triton Circle, FORT DODGE, IA, 50501",
2403,Iowa Western Community College,Main Campus,2700 COLLEGE RD BOX 4C,COUNCIL BLUFFS,IA,515023004,4,"Public, 2-year",2648.0,3433.0,6081.0,3,0,2,1,"2700 COLLEGE RD BOX 4C, COUNCIL BLUFFS, IA, 515023004",
2436,University of Northern Iowa,Main Campus,1222 W 27TH ST,CEDAR FALLS,IA,50614,1,"Public, 4-year or above",4862.0,7043.0,11905.0,8,9,0,5,"1222 W 27TH ST, CEDAR FALLS, IA, 50614",
2469,Southwestern Community College,Main Campus,1501 West Townline Street,CRESTON,IA,50801,4,"Public, 2-year",724.0,922.0,1646.0,0,1,0,0,"1501 West Townline Street, CRESTON, IA, 50801",
2524,Cloud County Community College,Concordia Campus,"2221 Campus Drive, Box 1002",Concordia,KS,669011002,4,"Public, 2-year",844.0,1194.0,2038.0,0,1,0,0,"2221 Campus Drive, Box 1002, Concordia, KS, 669011002",
2541,Haskell Indian Nations University,Main campus,155 INDIAN AVE,LAWRENCE,KS,660464800,1,"Public, 4-year or above",378.0,442.0,820.0,2,0,0,3,"155 INDIAN AVE, LAWRENCE, KS, 660464800",
2555,Kansas City Kansas Community College,KCKCC CAMPUS,7250 STATE AVE,KANSAS CITY,KS,66112,4,"Public, 2-year",2315.0,3411.0,5726.0,1,1,0,2,"7250 STATE AVE, KANSAS CITY, KS, 66112",
2591,Seward County Community College and Area Technical School,Seward County Community College,1801 N. Kansas Ave.,Liberal,KS,679051137,4,"Public, 2-year",827.0,1100.0,1927.0,0,1,1,0,"1801 N. Kansas Ave., Liberal, KS, 679051137",
2685,University of Kentucky,University of KY,104 Administration Drive,LEXINGTON,KY,405060032,1,"Public, 4-year or above",13555.0,16226.0,29781.0,17,3,4,1,"104 Administration Drive, LEXINGTON, KY, 405060032",
2687,University of Kentucky,North Farms Campus,1925 Research Farm Road,Lexington,KY,40511,1,"Public, 4-year or above",13555.0,16226.0,29781.0,1,17,0,13,"1925 Research Farm Road, Lexington, KY, 40511",
2745,Northern Kentucky University,Main Campus,"Nunn Drive, AC 800B",Highland Heights,KY,41076,1,"Public, 4-year or above",6145.0,8397.0,14542.0,3,0,0,3,"Nunn Drive, AC 800B, Highland Heights, KY, 41076",
2916,College of the Atlantic,College of the Atlantic,105 EDEN ST,BAR HARBOR,ME,04609,2,"Private nonprofit, 4-year or above",92.0,252.0,344.0,1,0,0,0,"105 EDEN ST, BAR HARBOR, ME, 04609",
3042,University of Maryland-College Park,Main Campus,US Route 1,COLLEGE PARK,MD,20742,1,"Public, 4-year or above",20667.0,18416.0,39083.0,5,11,3,6,"US Route 1, COLLEGE PARK, MD, 20742",
3051,Montgomery College,Montgomery College:Germantown,20200 Observation Drive,Germantown,MD,20876,4,"Public, 2-year",11255.0,12661.0,23916.0,0,0,1,0,"20200 Observation Drive, Germantown, MD, 20876",
3068,Towson University,Towson University,8000 YORK RD,TOWSON,MD,212520001,1,"Public, 4-year or above",8560.0,13783.0,22343.0,5,2,1,0,"8000 YORK RD, TOWSON, MD, 212520001",
3112,Boston University,Boston University Charles River Campus,1 Silber Way,Boston,MA,02215,2,"Private nonprofit, 4-year or above",13470.0,19225.0,32695.0,13,4,0,4,"1 Silber Way, Boston, MA, 02215",
3123,Brandeis University,Main Campus,415 South Street,Waltham,MA,024539110,2,"Private nonprofit, 4-year or above",2499.0,3230.0,5729.0,6,2,0,0,"415 South Street, Waltham, MA, 024539110",
3261,Simmons College,Main Campus,300 THE FENWAY,BOSTON,MA,021155898,2,"Private nonprofit, 4-year or above",523.0,5588.0,6111.0,2,0,0,0,"300 THE FENWAY, BOSTON, MA, 021155898",
3263,Smith College,Main Campus,ELM ST,NORTHAMPTON,MA,01063,2,"Private nonprofit, 4-year or above",61.0,2835.0,2896.0,5,2,0,0,"ELM ST, NORTHAMPTON, MA, 01063",
3265,Springfield College,Main Campus,263 ALDEN ST,SPRINGFIELD,MA,011093797,2,"Private nonprofit, 4-year or above",1362.0,1782.0,3144.0,4,3,0,0,"263 ALDEN ST, SPRINGFIELD, MA, 011093797",
3276,University of Massachusetts-Dartmouth,Main Campus,285 OLD WESTPORT RD,NORTH DARTMOUTH,MA,027472300,1,"Public, 4-year or above",4337.0,4310.0,8647.0,10,6,0,3,"285 OLD WESTPORT RD, NORTH DARTMOUTH, MA, 027472300",
3280,Stonehill College,Main Campus,320 WASHINGTON ST,EASTON,MA,023577180,2,"Private nonprofit, 4-year or above",998.0,1483.0,2481.0,3,6,0,1,"320 WASHINGTON ST, EASTON, MA, 023577180",
3284,Tufts University,Medford/Somerville Campus,419 Boston Avenue,Medford,MA,021555555,2,"Private nonprofit, 4-year or above",5126.0,6363.0,11489.0,6,14,1,2,"419 Boston Avenue, Medford, MA, 021555555",
3295,Williams College,Main Campus,880 MAIN ST. PO Box 368,WILLIAMSTOWN,MA,012670368,2,"Private nonprofit, 4-year or above",1096.0,1054.0,2150.0,13,3,0,3,"880 MAIN ST. PO Box 368, WILLIAMSTOWN, MA, 012670368",
3381,Cleary University,Cleary University,3750 Cleary Drive,Howell,MI,488438566,2,"Private nonprofit, 4-year or above",286.0,306.0,592.0,0,0,0,1,"3750 Cleary Drive, Howell, MI, 488438566",
3465,Lake Michigan College,Napier Avenue Campus,2755 E NAPIER AVE,BENTON HARBOR,MI,490221899,1,"Public, 4-year or above",1702.0,2357.0,4059.0,1,1,0,0,"2755 E NAPIER AVE, BENTON HARBOR, MI, 490221899",
3495,Michigan Barber School Inc,"MICHIGAN BARBER SCHOOL, INC.",8990 GRAND RIVER AVENUE,DETROIT,MI,482042244,5,"Private nonprofit, 2-year",26.0,6.0,32.0,0,0,1,0,"8990 GRAND RIVER AVENUE, DETROIT, MI, 482042244",
3576,Washtenaw Community College,Main Campus,4800 E HURON RIVER DR,ANN ARBOR,MI,481054800,4,"Public, 2-year",5895.0,6265.0,12160.0,2,3,0,0,"4800 E HURON RIVER DR, ANN ARBOR, MI, 481054800",
3583,Wayne State University,Main Campus,656 W KIRBY,DETROIT,MI,48202,1,"Public, 4-year or above",12289.0,14949.0,27238.0,1,1,3,0,"656 W KIRBY, DETROIT, MI, 48202",
3657,Minnesota State University-Mankato,Main Campus,309 Wigley Administration Center,MANKATO,MN,56001,1,"Public, 4-year or above",6942.0,8223.0,15165.0,3,5,0,4,"309 Wigley Administration Center, MANKATO, MN, 56001",
3659,Mayo Medical School,Main Campus,200 1ST ST SW,ROCHESTER,MN,55905,2,"Private nonprofit, 4-year or above",112.0,123.0,235.0,0,0,0,1,"200 1ST ST SW, ROCHESTER, MN, 55905",
3660,Mayo School of Health Sciences,Main Campus,200 FIRST ST SW,ROCHESTER,MN,55905,2,"Private nonprofit, 4-year or above",132.0,337.0,469.0,0,0,0,1,"200 FIRST ST SW, ROCHESTER, MN, 55905",
3665,University of Minnesota-Twin Cities,Main Campus,100 CHURCH STREET SE,MINNEAPOLIS,MN,554550213,1,"Public, 4-year or above",24601.0,26978.0,51579.0,10,8,4,5,"100 CHURCH STREET SE, MINNEAPOLIS, MN, 554550213",
3667,University of Minnesota-Crookston,Crookston Campus,105 SELVIG HALL,CROOKSTON,MN,56716,1,"Public, 4-year or above",1264.0,1412.0,2676.0,2,0,0,0,"105 SELVIG HALL, CROOKSTON, MN, 56716",
3669,Minneapolis College of Art and Design,Main Campus,2501 STEVENS AVE S,MINNEAPOLIS,MN,55404,2,"Private nonprofit, 4-year or above",234.0,569.0,803.0,0,0,0,1,"2501 STEVENS AVE S, MINNEAPOLIS, MN, 55404",
3694,Saint Johns University,Main Campus,Box 2000,COLLEGEVILLE,MN,563212000,2,"Private nonprofit, 4-year or above",1806.0,43.0,1849.0,5,0,0,0,"Box 2000, COLLEGEVILLE, MN, 563212000",
3779,University of Mississippi,Main Campus,Kinard Hall Wing C,UNIVERSITY,MS,386771848,1,"Public, 4-year or above",10273.0,13337.0,23610.0,6,0,0,2,"Kinard Hall Wing C, UNIVERSITY, MS, 386771848",
3787,Mississippi Gulf Coast Community College,Jackson County Campus,P.O. Box 100,Gautier,MS,39553,4,"Public, 2-year",3697.0,5259.0,8956.0,0,0,0,1,"P.O. Box 100, Gautier, MS, 39553",
3805,University of Southern Mississippi,Main Campus,"118 College Drive, Box 5001",HATTIESBURG,MS,394065001,1,"Public, 4-year or above",5379.0,9173.0,14552.0,4,0,0,0,"118 College Drive, Box 5001, HATTIESBURG, MS, 394065001",
3875,Drury University,Drury University,900 N. Benton,Springfield,MO,65802,2,"Private nonprofit, 4-year or above",1483.0,2086.0,3569.0,6,1,0,0,"900 N. Benton, Springfield, MO, 65802",
3981,University of Missouri-Kansas City,Main Campus,5100 ROCKHILL RD,KANSAS CITY,MO,641102499,1,"Public, 4-year or above",7463.0,9473.0,16936.0,2,0,0,1,"5100 ROCKHILL RD, KANSAS CITY, MO, 641102499",
3983,Missouri University of Science and Technology,Missouri S&T,"300 W. 13th Street, 206 Parker Hall",ROLLA,MO,654091060,1,"Public, 4-year or above",6829.0,2006.0,8835.0,4,2,0,2,"300 W. 13th Street, 206 Parker Hall, ROLLA, MO, 654091060",
3998,Northwest Missouri State University,Northwest Missouri State University,800 UNIVERSITY DRIVE,MARYVILLE,MO,644686001,1,"Public, 4-year or above",2914.0,3616.0,6530.0,3,2,0,1,"800 UNIVERSITY DRIVE, MARYVILLE, MO, 644686001",
4060,Saint Louis Community College,Saint Louis Community College-Florissant Valley,3400 Pershall Road,Saint Louis,MO,63135,4,"Public, 2-year",7579.0,11473.0,19052.0,0,0,0,2,"3400 Pershall Road, Saint Louis, MO, 63135",
4079,Stephens College,Main Campus,1200 E BROADWAY,COLUMBIA,MO,65215,2,"Private nonprofit, 4-year or above",37.0,917.0,954.0,1,0,0,0,"1200 E BROADWAY, COLUMBIA, MO, 65215",
4085,Missouri State University-Springfield,Springfield Campus,901 S NATIONAL,SPRINGFIELD,MO,65897,1,"Public, 4-year or above",9723.0,13815.0,23538.0,1,11,0,2,"901 S NATIONAL, SPRINGFIELD, MO, 65897",
4112,Webster University,Webster University St. Louis-Main Campus,470 E LOCKWOOD,SAINT LOUIS,MO,631193194,2,"Private nonprofit, 4-year or above",6110.0,7796.0,13906.0,1,2,0,0,"470 E LOCKWOOD, SAINT LOUIS, MO, 631193194",
4215,Central Community College,Central Community College - Hastings,"550 South Technical Blvd, PO Box 1024",Hastings,NE,689021024,4,"Public, 2-year",2656.0,3660.0,6316.0,1,0,0,0,"550 South Technical Blvd, PO Box 1024, Hastings, NE, 689021024",
4448,Ramapo College of New Jersey,Main Campus,505 RAMAPO VALLEY RD,MAHWAH,NJ,074301680,1,"Public, 4-year or above",2719.0,3515.0,6234.0,11,5,0,1,"505 RAMAPO VALLEY RD, MAHWAH, NJ, 074301680",
4463,Rutgers University-Newark,Rutgers Biomedical and Health Sciences at Newark,65 Bergen Street,Newark,NJ,07103,1,"Public, 4-year or above",6042.0,6279.0,12321.0,1,0,0,3,"65 Bergen Street, Newark, NJ, 07103",
4527,Institute of American Indian and Alaska Native Culture,Main Campus,83 AVAN NU PO ROAD,SANTA FE,NM,875081300,1,"Public, 4-year or above",253.0,329.0,582.0,1,0,0,0,"83 AVAN NU PO ROAD, SANTA FE, NM, 875081300",
4613,Cheryl Fells School of Business,Main Campus,2541 MILITARY RD,NIAGARA FALLS,NY,14304,9,"Private for-profit, less-than 2-year",16.0,17.0,33.0,0,0,1,0,"2541 MILITARY RD, NIAGARA FALLS, NY, 14304",
4674,CUNY Queens College,Queens College,65 30 Kissena Blvd,Flushing,NY,113670904,1,"Public, 4-year or above",8295.0,11337.0,19632.0,0,3,0,0,"65 30 Kissena Blvd, Flushing, NY, 113670904",
4707,Genesee Community College,Genesee Community College,One College Road,BATAVIA,NY,14020,4,"Public, 2-year",2293.0,3842.0,6135.0,2,1,0,1,"One College Road, BATAVIA, NY, 14020",
4744,LIU Brooklyn,Main Campus,1 UNIVERSITY PLAZA,BROOKLYN,NY,112015372,2,"Private nonprofit, 4-year or above",2287.0,5322.0,7609.0,1,0,0,4,"1 UNIVERSITY PLAZA, BROOKLYN, NY, 112015372",
4745,LIU Post,LIU Post,720 NORTHERN BLVD,BROOKVILLE,NY,115481300,2,"Private nonprofit, 4-year or above",3226.0,5408.0,8634.0,0,1,0,2,"720 NORTHERN BLVD, BROOKVILLE, NY, 115481300",
4755,Manhattanville College,Main Campus,2900 PURCHASE ST,PURCHASE,NY,10577,2,"Private nonprofit, 4-year or above",974.0,1860.0,2834.0,2,0,0,0,"2900 PURCHASE ST, PURCHASE, NY, 10577",
4830,North Country Community College,Main Campus/Saranac Lake,23 Santanoni Avenue Box 89,SARANAC LAKE,NY,129830089,4,"Public, 2-year",700.0,1231.0,1931.0,0,2,0,0,"23 Santanoni Avenue Box 89, SARANAC LAKE, NY, 129830089",
4896,St John's University-New York,STATEN ISLAND,300 HOWARD AVE.,STATEN ISLAND,NY,10301,2,"Private nonprofit, 4-year or above",8884.0,12192.0,21076.0,0,0,0,1,"300 HOWARD AVE., STATEN ISLAND, NY, 10301",
4907,SUNY College of Technology at Canton,Main Campus,34 CORNELL DR,CANTON,NY,136171037,1,"Public, 4-year or above",1360.0,1845.0,3205.0,2,0,0,3,"34 CORNELL DR, CANTON, NY, 136171037",
4920,SUNY Polytechnic Institute,Utica Campus,100 Seymour Road,UTICA,NY,13502,1,"Public, 4-year or above",1639.0,1058.0,2697.0,3,1,0,1,"100 Seymour Road, UTICA, NY, 13502",
4931,SUNY College at Potsdam,Main Campus,Pierrepont Avenue,Potsdam,NY,136762294,1,"Public, 4-year or above",1517.0,2179.0,3696.0,5,9,0,0,"Pierrepont Avenue, Potsdam, NY, 136762294",
4935,SUNY College at Plattsburgh,Main Campus,101 Broad Street,PLATTSBURGH,NY,12901,1,"Public, 4-year or above",2324.0,3196.0,5520.0,10,6,0,2,"101 Broad Street, PLATTSBURGH, NY, 12901",
4991,Tompkins Cortland Community College,Main Campus,170 NORTH ST,DRYDEN,NY,13053,4,"Public, 2-year",1236.0,1607.0,2843.0,0,0,1,2,"170 NORTH ST, DRYDEN, NY, 13053",
5130,Duke University,Main Campus,207 ALLEN BLDG. BOX 90001,DURHAM,NC,27708,2,"Private nonprofit, 4-year or above",7911.0,7824.0,15735.0,16,12,5,8,"207 ALLEN BLDG. BOX 90001, DURHAM, NC, 27708",
5172,Laurel University,Laurel University,1215 EASTCHESTER DRIVE,HIGH POINT,NC,272653115,2,"Private nonprofit, 4-year or above",69.0,81.0,150.0,0,1,0,0,"1215 EASTCHESTER DRIVE, HIGH POINT, NC, 272653115",
5214,University of North Carolina at Chapel Hill,The University of North Carolina at Chapel Hill,"CB 9100, 103 South Building UNC-Chapel Hill",CHAPEL HILL,NC,275999100,1,"Public, 4-year or above",12641.0,16827.0,29468.0,21,5,7,3,"CB 9100, 103 South Building UNC-Chapel Hill, CHAPEL HILL, NC, 275999100",
5240,Robeson Community College,Robeson Community College,5160 Fayetteville Rd,LUMBERTON,NC,28360,4,"Public, 2-year",563.0,1280.0,1843.0,1,0,0,1,"5160 Fayetteville Rd, LUMBERTON, NC, 28360",
5280,Vance-Granville Community College,Main Campus,"PO BOX 917, 200 Community College Rd./STATE RD 1126",HENDERSON,NC,27536,4,"Public, 2-year",1093.0,2107.0,3200.0,0,1,0,0,"PO BOX 917, 200 Community College Rd./STATE RD 1126, HENDERSON, NC, 27536",
5350,University of North Dakota,Main Campus,3851 Campus Road Stop 9035,Grand Forks,ND,582029035,1,"Public, 4-year or above",7678.0,6970.0,14648.0,3,1,0,3,"3851 Campus Road Stop 9035, Grand Forks, ND, 582029035",
5351,North Dakota State College of Science,Main Campus,800 N 6TH ST,WAHPETON,ND,58076,4,"Public, 2-year",1711.0,1292.0,3003.0,0,0,1,0,"800 N 6TH ST, WAHPETON, ND, 58076",
5454,Defiance College,Main Campus,701 N CLINTON,DEFIANCE,OH,43512,2,"Private nonprofit, 4-year or above",342.0,306.0,648.0,2,0,0,0,"701 N CLINTON, DEFIANCE, OH, 43512",
5460,The University of Findlay,Main Campus,1000 N MAIN ST,FINDLAY,OH,458403695,2,"Private nonprofit, 4-year or above",1906.0,3172.0,5078.0,2,0,0,0,"1000 N MAIN ST, FINDLAY, OH, 458403695",
5546,Mount Saint Joseph University,Main Campus,5701 DELHI RD,CINCINNATI,OH,452331670,2,"Private nonprofit, 4-year or above",686.0,1359.0,2045.0,2,0,0,0,"5701 DELHI RD, CINCINNATI, OH, 452331670",
5563,Ohio State University Agricultural Technical Institute,Main Campus,1328 DOVER RD,WOOSTER,OH,446914000,4,"Public, 2-year",350.0,372.0,722.0,0,1,0,0,"1328 DOVER RD, WOOSTER, OH, 446914000",
5588,Owens Community College,Findlay Campus,3200 Bright Rd.,FINDLAY,OH,45840,4,"Public, 2-year",5099.0,5072.0,10171.0,0,0,1,0,"3200 Bright Rd., FINDLAY, OH, 45840",
5668,Wright State University-Main Campus,Dayton (Main) Campus,3640 Colonel Glenn Highway,Dayton,OH,454350001,1,"Public, 4-year or above",7942.0,8713.0,16655.0,2,14,2,1,"3640 Colonel Glenn Highway, Dayton, OH, 454350001",
5671,Youngstown State University,Main Campus,One University Plaza,Youngstown,OH,44555,1,"Public, 4-year or above",5855.0,6788.0,12643.0,2,0,0,0,"One University Plaza, Youngstown, OH, 44555",
5686,Connors State College,Connors State College/Main Campus,700 College Rd.,WARNER,OK,74469,4,"Public, 2-year",752.0,1596.0,2348.0,0,3,0,0,"700 College Rd., WARNER, OK, 74469",
5694,Langston University,Main Campus,102 Page Hall,LANGSTON,OK,730500907,1,"Public, 4-year or above",854.0,1566.0,2420.0,3,1,3,4,"102 Page Hall, LANGSTON, OK, 730500907",
5769,Chemeketa Community College,Main Campus,4000 LANCASTER DR NE,SALEM,OR,97305,4,"Public, 2-year",4803.0,5994.0,10797.0,0,1,1,0,"4000 LANCASTER DR NE, SALEM, OR, 97305",
5855,Portland State University,Portland State University,PO Box 751,PORTLAND,OR,97207,1,"Public, 4-year or above",12102.0,14525.0,26627.0,11,7,5,6,"PO Box 751, PORTLAND, OR, 97207",
5943,California University of Pennsylvania,Main Campus,250 UNIVERSITY AVE,CALIFORNIA,PA,154191394,1,"Public, 4-year or above",3297.0,4256.0,7553.0,5,0,0,0,"250 UNIVERSITY AVE, CALIFORNIA, PA, 154191394",
5948,Carnegie Mellon University,Main Campus,5000 FORBES AVE,PITTSBURGH,PA,15213,2,"Private nonprofit, 4-year or above",7887.0,5371.0,13258.0,8,7,1,0,"5000 FORBES AVE, PITTSBURGH, PA, 15213",
5993,Edinboro University of Pennsylvania,Main Campus,"Accounting Office, Room 230, McNerney Hall",Edinboro,PA,164440001,1,"Public, 4-year or above",2361.0,3820.0,6181.0,3,2,0,0,"Accounting Office, Room 230, McNerney Hall, Edinboro, PA, 164440001",
6027,Harrisburg Area Community College-Harrisburg,Harrisburg Area Community College York Campus,2010 Pennsylvania Avenue,York,PA,17404,4,"Public, 2-year",6766.0,12071.0,18837.0,0,0,0,1,"2010 Pennsylvania Avenue, York, PA, 17404",
6031,Haverford College,Main Campus,370 W. LANCASTER AVE,HAVERFORD,PA,190411392,2,"Private nonprofit, 4-year or above",608.0,660.0,1268.0,6,3,0,0,"370 W. LANCASTER AVE, HAVERFORD, PA, 190411392",
6038,Immaculata University,Main Campus,1145 KING RD,IMMACULATA,PA,19345,2,"Private nonprofit, 4-year or above",628.0,1982.0,2610.0,2,1,0,0,"1145 KING RD, IMMACULATA, PA, 19345",
6049,Juniata College,Main Campus,1700 MOORE ST,HUNTINGDON,PA,166522196,2,"Private nonprofit, 4-year or above",688.0,885.0,1573.0,9,8,0,0,"1700 MOORE ST, HUNTINGDON, PA, 166522196",
6150,University of Pennsylvania,Main Campus,1 COLLEGE HALL 34TH AND SPRUCE STS,PHILADELPHIA,PA,191046380,2,"Private nonprofit, 4-year or above",11568.0,13392.0,24960.0,12,4,4,5,"1 COLLEGE HALL 34TH AND SPRUCE STS, PHILADELPHIA, PA, 191046380",
6234,Thomas Jefferson University,Thomas Jefferson University,1020 WALNUT ST,PHILADELPHIA,PA,191075587,2,"Private nonprofit, 4-year or above",1181.0,2706.0,3887.0,0,0,2,1,"1020 WALNUT ST, PHILADELPHIA, PA, 191075587",
6244,Valley Forge Military College,Main Campus,1001 Eagle Rd  ATTN: Wayne Hall,Wayne,PA,19087,5,"Private nonprofit, 2-year",206.0,43.0,249.0,0,1,0,0,"1001 Eagle Rd  ATTN: Wayne Hall, Wayne, PA, 19087",
6283,Providence College,Main Campus,1 Cunningham Square,PROVIDENCE,RI,029180001,2,"Private nonprofit, 4-year or above",2025.0,2543.0,4568.0,2,0,0,1,"1 Cunningham Square, PROVIDENCE, RI, 029180001",
6359,Lander University,LANDER UNIVERSITY,320 Stanley Avenue,Greenwood,SC,296492099,1,"Public, 4-year or above",850.0,1922.0,2772.0,3,0,0,0,"320 Stanley Avenue, Greenwood, SC, 296492099",
6368,Medical University of South Carolina,Main Campus,179 ASHLEY AVE MSC 001,CHARLESTON,SC,29425,1,"Public, 4-year or above",1104.0,1882.0,2986.0,2,3,0,1,"179 ASHLEY AVE MSC 001, CHARLESTON, SC, 29425",
6447,South Dakota State University,Main Campus,"Box 2201, ADM 324",Brookings,SD,570071998,1,"Public, 4-year or above",5904.0,6696.0,12600.0,7,4,0,1,"Box 2201, ADM 324, Brookings, SD, 570071998",
6454,University of South Dakota,Main Campus,414 E CLARK ST,VERMILLION,SD,570692390,1,"Public, 4-year or above",3927.0,6111.0,10038.0,3,1,0,1,"414 E CLARK ST, VERMILLION, SD, 570692390",
6464,Bethel University,Bethel University,325 CHERRY AVE,MCKENZIE,TN,38201,2,"Private nonprofit, 4-year or above",2440.0,3535.0,5975.0,3,1,0,0,"325 CHERRY AVE, MCKENZIE, TN, 38201",
6482,Cleveland State Community College,Cleveland State Community College,3535 ADKISSON DRIVE,CLEVELAND,TN,373203570,4,"Public, 2-year",1351.0,1964.0,3315.0,0,1,0,0,"3535 ADKISSON DRIVE, CLEVELAND, TN, 373203570",
6546,University of Memphis,Lambuth Campus,705 Lambuth Blvd.,Jackson,TN,38301,1,"Public, 4-year or above",8827.0,12474.0,21301.0,0,1,0,0,"705 Lambuth Blvd., Jackson, TN, 38301",
6572,Roane State Community College,Cumberland County Center,2567 Cook Road,Crossville,TN,38571,4,"Public, 2-year",1908.0,3848.0,5756.0,1,0,0,0,"2567 Cook Road, Crossville, TN, 38571",
6635,Abilene Christian University,MAIN - ABILENE CAMPUS,1600 Campus Court,ABILENE,TX,79601,2,"Private nonprofit, 4-year or above",1992.0,2918.0,4910.0,2,1,0,0,"1600 Campus Court, ABILENE, TX, 79601",
6805,University of Houston,Central Campus,4800 CALHOUN,HOUSTON,TX,770042162,1,"Public, 4-year or above",22251.0,21523.0,43774.0,11,13,15,6,"4800 CALHOUN, HOUSTON, TX, 770042162",
6813,Howard Payne University,Howard Payne University,1000 Fisk Street,Brownwood,TX,768012715,2,"Private nonprofit, 4-year or above",636.0,553.0,1189.0,0,0,0,3,"1000 Fisk Street, Brownwood, TX, 768012715",
6824,Lamar University,LAMAR UNIVERSITY,4400 MLK,BEAUMONT,TX,77710,1,"Public, 4-year or above",5771.0,9230.0,15001.0,5,2,4,0,"4400 MLK, BEAUMONT, TX, 77710",
6896,Our Lady of the Lake University,Main Campus OUR LADY OF THE LAKE UNIVERSITY,411 SW 24TH ST,SAN ANTONIO,TX,782074689,2,"Private nonprofit, 4-year or above",789.0,2341.0,3130.0,1,1,0,0,"411 SW 24TH ST, SAN ANTONIO, TX, 782074689",
6922,Saint Edward's University,Main Campus,3001 S CONGRESS AVE,AUSTIN,TX,787046489,2,"Private nonprofit, 4-year or above",1770.0,2831.0,4601.0,5,1,0,0,"3001 S CONGRESS AVE, AUSTIN, TX, 787046489",
6976,Tarrant County College District,Southeast Campus,2100 Southeast Parkway,Arlington,TX,760182907,4,"Public, 2-year",21766.0,29584.0,51350.0,0,1,0,0,"2100 Southeast Parkway, Arlington, TX, 760182907",
6980,Temple College,Temple College Campus,2600 S 1ST ST,TEMPLE,TX,765047435,4,"Public, 2-year",1724.0,3222.0,4946.0,1,0,0,0,"2600 S 1ST ST, TEMPLE, TX, 765047435",
6981,University of Texas Southwestern Medical Center,Main Campus,5323 HARRY HINES BLVD,DALLAS,TX,753909029,1,"Public, 4-year or above",1154.0,1162.0,2316.0,2,4,2,1,"5323 HARRY HINES BLVD, DALLAS, TX, 753909029",
6982,The University of Texas Health Science Center at San Antonio,Long Campus,7703 FLOYD CURL DR,SAN ANTONIO,TX,782293900,1,"Public, 4-year or above",1297.0,1953.0,3250.0,1,0,0,0,"7703 FLOYD CURL DR, SAN ANTONIO, TX, 782293900",
6997,Texas A & M University-College Station,College of Dentistry - Dallas,3302 Gaston Avenue,Dallas,TX,75246,1,"Public, 4-year or above",34333.0,31299.0,65632.0,1,0,1,7,"3302 Gaston Avenue, Dallas, TX, 75246",
7000,Texas A & M University-College Station,Irma Lerma Rangel College of Pharmacy - Kingsville,700 University Boulevard,Kingsville,TX,78363,1,"Public, 4-year or above",34333.0,31299.0,65632.0,4,1,1,2,"700 University Boulevard, Kingsville, TX, 78363",
7035,Texas Tech University,Texas Tech University - Lubbock,"150 Administration Building, Box 42005",LUBBOCK,TX,794092005,1,"Public, 4-year or above",19614.0,16937.0,36551.0,5,0,2,2,"150 Administration Building, Box 42005, LUBBOCK, TX, 794092005",
7176,Lyndon State College,Main Campus,1001 COLLEGE RD,LYNDONVILLE,VT,058510919,1,"Public, 4-year or above",706.0,550.0,1256.0,2,0,0,0,"1001 COLLEGE RD, LYNDONVILLE, VT, 058510919",
7220,Eastern Virginia Medical School,Main Campus,721 Fairfax Ave.,NORFOLK,VA,235071696,1,"Public, 4-year or above",493.0,637.0,1130.0,0,0,0,1,"721 Fairfax Ave., NORFOLK, VA, 235071696",
7223,Eastern Mennonite University,Main Campus,1200 PARK RD,HARRISONBURG,VA,228022462,2,"Private nonprofit, 4-year or above",590.0,1155.0,1745.0,1,0,0,0,"1200 PARK RD, HARRISONBURG, VA, 228022462",
7240,Hampden-Sydney College,Main Campus,"College Road, Box 128",Hampden-Sydney,VA,239430128,2,"Private nonprofit, 4-year or above",1025.0,2.0,1027.0,0,0,0,3,"College Road, Box 128, Hampden-Sydney, VA, 239430128",
7247,James Madison University,Main Campus-Harrisonburg,821 South Main Street  MSC 6810,HARRISONBURG,VA,22807,1,"Public, 4-year or above",8526.0,12744.0,21270.0,4,4,1,0,"821 South Main Street  MSC 6810, HARRISONBURG, VA, 22807",
7256,Longwood University,Main Campus,201 HIGH ST Lancaster Hall,FARMVILLE,VA,23909,1,"Public, 4-year or above",1526.0,3358.0,4884.0,6,2,0,0,"201 HIGH ST Lancaster Hall, FARMVILLE, VA, 23909",
7372,Sweet Briar College,Main Campus,RTE 29,SWEET BRIAR,VA,245959998,2,"Private nonprofit, 4-year or above",8.0,368.0,376.0,2,0,0,0,"RTE 29, SWEET BRIAR, VA, 245959998",
7521,Skagit Valley College,Mount Vernon Campus,2405 East College Way,Mount Vernon,WA,982735899,1,"Public, 4-year or above",2276.0,2810.0,5086.0,0,0,0,1,"2405 East College Way, Mount Vernon, WA, 982735899",
7578,Marshall University,Marshall University,1 John Marshall Drive,HUNTINGTON,WV,25755,1,"Public, 4-year or above",5685.0,7962.0,13647.0,4,0,4,0,"1 John Marshall Drive, HUNTINGTON, WV, 25755",
7602,West Liberty University,Main Campus,208 University Drive,WEST LIBERTY,WV,26074,1,"Public, 4-year or above",858.0,1459.0,2317.0,0,1,0,4,"208 University Drive, WEST LIBERTY, WV, 26074",
7611,West Virginia University,Main Campus,P.O. Box 6563 University Police,MORGANTOWN,WV,265066563,1,"Public, 4-year or above",14703.0,13785.0,28488.0,9,1,3,0,"P.O. Box 6563 University Police, MORGANTOWN, WV, 265066563",
7612,Wheeling Jesuit University,Main Campus,316 WASHINGTON AVE,WHEELING,WV,26003,2,"Private nonprofit, 4-year or above",574.0,715.0,1289.0,2,0,0,0,"316 WASHINGTON AVE, WHEELING, WV, 26003",
7615,Alverno College,Alverno College,3400 S 43RD  ST,Milwaukee,WI,532343922,2,"Private nonprofit, 4-year or above",57.0,1960.0,2017.0,0,0,0,2,"3400 S 43RD  ST, Milwaukee, WI, 532343922",
7616,Madison Area Technical College,Truax Campus,1701 Wright Street,MADISON,WI,53704,1,"Public, 4-year or above",6800.0,8870.0,15670.0,0,2,1,0,"1701 Wright Street, MADISON, WI, 53704",
7626,Beloit College,Beloit College,700 COLLEGE ST,BELOIT,WI,535115595,2,"Private nonprofit, 4-year or above",639.0,755.0,1394.0,10,5,0,3,"700 COLLEGE ST, BELOIT, WI, 535115595",
7787,University of Wyoming,University of Wyoming,Dept. 3434 1000 E. University Old Main #206,Laramie,WY,82071,1,"Public, 4-year or above",6049.0,6317.0,12366.0,19,0,0,0,"Dept. 3434 1000 E. University Old Main #206, Laramie, WY, 82071",
7788,American Samoa Community College,American Samoa Community College,PO BOX 2609,Pago Pago,AS,96799,1,"Public, 4-year or above",411.0,842.0,1253.0,0,0,0,2,"PO BOX 2609, Pago Pago, AS, 96799",
7803,Universidad Central de Bayamon,Universidad Central de Bayamon,AVENIDA ZAYA VERDE  REPARTO LA MILAGROSA,BAYAMON,PR,009591725,2,"Private nonprofit, 4-year or above",583.0,1082.0,1665.0,0,0,3,0,"AVENIDA ZAYA VERDE  REPARTO LA MILAGROSA, BAYAMON, PR, 009591725",
7813,Colegio Universitario de San Juan,Colegio Universitario de San Juan,180 Jose Oliver St Tres Monjitas Ind. Park,San Juan,PR,00918,1,"Public, 4-year or above",644.0,884.0,1528.0,0,0,2,0,"180 Jose Oliver St Tres Monjitas Ind. Park, San Juan, PR, 00918",
7817,Universidad Metropolitana,Bayamon,"CENTRO DE GOBIERNO BAYAMON EDIF B, C, D Y F",BAYAMON,PR,00960,2,"Private nonprofit, 4-year or above",4795.0,8841.0,13636.0,0,0,3,0,"CENTRO DE GOBIERNO BAYAMON EDIF B, C, D Y F, BAYAMON, PR, 00960",
7834,ICPR Junior College-Arecibo,ARECIBO CAMPUS,20 SAN PATRICIO,ARECIBO,PR,006140067,6,"Private for-profit, 2-year",132.0,311.0,443.0,0,0,0,1,"20 SAN PATRICIO, ARECIBO, PR, 006140067",
7839,Instituto de Banca y Comercio Inc,Ponce,"Calle Ferrocarril 709, Esquina Concordia",Ponce,PR,007175033,6,"Private for-profit, 2-year",5165.0,6115.0,11280.0,0,0,6,4,"Calle Ferrocarril 709, Esquina Concordia, Ponce, PR, 007175033",
7846,Instituto de Banca y Comercio Inc,Barranquitas,"Carretera 719 Km. 1.5 Bo. Helechal, Centro Comercial Plaza",Barranquitas,PR,00794,6,"Private for-profit, 2-year",5165.0,6115.0,11280.0,0,0,1,0,"Carretera 719 Km. 1.5 Bo. Helechal, Centro Comercial Plaza, Barranquitas, PR, 00794",
7855,Instituto Tecnologico de Puerto Rico-Recinto de Ponce,Instituto Tecnologico de P.R.-Recinto de Ponce,CANDIDO HOYOS 4820 URB. PERLA DEL SUR,PONCE,PR,00717,4,"Public, 2-year",472.0,221.0,693.0,0,0,2,0,"CANDIDO HOYOS 4820 URB. PERLA DEL SUR, PONCE, PR, 00717",
7871,National University College-Arecibo,Arecibo Branch Campus,Manuel Perez Aviles St. Victor Rojas Avenue,ARECIBO,PR,00612,3,"Private for-profit, 4-year or above",563.0,847.0,1410.0,0,0,5,1,"Manuel Perez Aviles St. Victor Rojas Avenue, ARECIBO, PR, 00612",
7880,University of Puerto Rico-Mayaguez,"University of PR, Mayaguez Campus",POST ST,MAYAGUEZ,PR,006819000,1,"Public, 4-year or above",7185.0,6129.0,13314.0,0,0,9,2,"POST ST, MAYAGUEZ, PR, 006819000",
7882,University of Puerto Rico-Rio Piedras,University of Puerto Rico-Rio Piedras Campus,PONCE DE LEON  AVE,San Juan,PR,009313301,1,"Public, 4-year or above",6473.0,10399.0,16872.0,0,0,6,0,"PONCE DE LEON  AVE, San Juan, PR, 009313301",
7898,Universidad Del Turabo,Main Campus,CARR. # 189 KM 3.3,GURABO,PR,007783030,2,"Private nonprofit, 4-year or above",6969.0,10198.0,17167.0,0,0,0,1,"CARR. # 189 KM 3.3, GURABO, PR, 007783030",
7912,College of Micronesia-FSM,Yap Campus,PO BOX 286 COLONIA,Colonia,FM,969430286,4,"Public, 2-year",872.0,1218.0,2090.0,0,0,0,1,"PO BOX 286 COLONIA, Colonia, FM, 969430286",
7916,University of the Virgin Islands,St. Thomas Campus (Main Campus),#2 JOHN BREWERS BAY,CHARLOTTE AMALIE,VI,008029990,1,"Public, 4-year or above",743.0,1627.0,2370.0,0,0,0,3,"#2 JOHN BREWERS BAY, CHARLOTTE AMALIE, VI, 008029990",
7966,Antioch University-Seattle,Main Campus,2326 Sixth Avenue,Seattle,WA,981211814,2,"Private nonprofit, 4-year or above",92.0,476.0,568.0,0,0,1,0,"2326 Sixth Avenue, Seattle, WA, 981211814",
8013,Collin County Community College District,Spring Creek Campus,2800 E. Spring Creek,Plano,TX,75074,4,"Public, 2-year",13314.0,16389.0,29703.0,1,0,0,0,"2800 E. Spring Creek, Plano, TX, 75074",
8180,Mayo Graduate School,Main Campus,200 1ST ST SW,ROCHESTER,MN,55905,2,"Private nonprofit, 4-year or above",146.0,158.0,304.0,0,0,0,1,"200 1ST ST SW, ROCHESTER, MN, 55905",
8478,Santiago Canyon College,Santiago Canyon College,8045 E CHAPMAN,ORANGE,CA,928694512,4,"Public, 2-year",7506.0,4559.0,12065.0,0,0,0,1,"8045 E CHAPMAN, ORANGE, CA, 928694512",
8715,Rockland County BOCES-Practical Nursing Program,Main Campus,65 Parrot Road,West Nyack,NY,10994,7,"Public, less-than 2-year",11.0,36.0,47.0,0,1,0,0,"65 Parrot Road, West Nyack, NY, 10994",
8817,Living Arts College,Living Arts College @ School of Communication Arts,3000 Wakefield Crossing Drive,RALEIGH,NC,27614,3,"Private for-profit, 4-year or above",100.0,184.0,284.0,0,1,0,0,"3000 Wakefield Crossing Drive, RALEIGH, NC, 27614",
9035,Virginia Sewing Machines and School Center,Main Campus,"6330 Pacific Blvd., Ste 200",Huntington Park,CA,902554199,9,"Private for-profit, less-than 2-year",40.0,150.0,190.0,0,1,0,0,"6330 Pacific Blvd., Ste 200, Huntington Park, CA, 902554199",
9091,Ilisagvik College,Ilisagvik College,360 NARL Stevenson St.,BARROW,AK,997230749,4,"Public, 2-year",62.0,126.0,188.0,0,0,1,1,"360 NARL Stevenson St., BARROW, AK, 997230749",
9101,Blue Cliff College-Metairie,Main Campus,3200 Cleary Avenue,Metairie,LA,70001,6,"Private for-profit, 2-year",65.0,802.0,867.0,0,0,0,1,"3200 Cleary Avenue, Metairie, LA, 70001",
9169,Everest College-Chesapeake,Altierus Career College Chesapeake,825 Greenbrier Circle #100,Chesapeake,VA,233202639,5,"Private nonprofit, 2-year",78.0,147.0,225.0,0,0,0,1,"825 Greenbrier Circle #100, Chesapeake, VA, 233202639",
9249,Oregon State University-Cascades Campus,OREGON STATE UNIVERSITY-CASCADES,1500 SW Chandler Avenue,BEND,OR,97702,1,"Public, 4-year or above",502.0,620.0,1122.0,0,3,2,0,"1500 SW Chandler Avenue, BEND, OR, 97702",
9410,Brookline College-Albuquerque,Brookline College - Albuquerque Campus,"4201 Central Avenue, NW, Suite J",Albuquerque,NM,87105,3,"Private for-profit, 4-year or above",98.0,277.0,375.0,0,0,0,1,"4201 Central Avenue, NW, Suite J, Albuquerque, NM, 87105",
9872,Escuela De Troqueleria Y Herramentaje,Main campus,150 Rd 174 Urb Industrial Minillas,Bayamon,PR,00959,4,"Public, 2-year",86.0,2.0,88.0,0,0,1,0,"150 Rd 174 Urb Industrial Minillas, Bayamon, PR, 00959",
10007,Pontifical John Paul II Institute for Studies on Marriage and Family,Main Campus,620 Michigan Ave NE McGivney Hall,Washington,DC,200640001,2,"Private nonprofit, 4-year or above",29.0,33.0,62.0,4,4,0,0,"620 Michigan Ave NE McGivney Hall, Washington, DC, 200640001",
10172,National University College-Ponce,Ponce Branch Campus,PO Box 801243 Coto Laurel,Ponce,PR,007801243,3,"Private for-profit, 4-year or above",454.0,992.0,1446.0,0,0,2,1,"PO Box 801243 Coto Laurel, Ponce, PR, 007801243",
10434,Salter College-Chicopee,Main Campus,645 Shawinigan Drive,Chicopee,MA,010203744,6,"Private for-profit, 2-year",13.0,118.0,131.0,0,0,0,1,"645 Shawinigan Drive, Chicopee, MA, 010203744",
10582,Wade Gordon Hairdressing Academy,Main Campus,7701 Interstate 40 West,Amarillo,TX,791210548,9,"Private for-profit, less-than 2-year",5.0,85.0,90.0,0,0,3,0,"7701 Interstate 40 West, Amarillo, TX, 791210548",
10727,Augusta University,AU Summerville Campus - Augusta,2500 WALTON WAY,AUGUSTA,GA,309042200,1,"Public, 4-year or above",2907.0,5031.0,7938.0,1,0,1,0,"2500 WALTON WAY, AUGUSTA, GA, 309042200",
10730,Middle Georgia State University,Cochran,1100 Second Street,Cochran,GA,310141599,1,"Public, 4-year or above",3234.0,4480.0,7714.0,1,1,0,0,"1100 Second Street, Cochran, GA, 310141599",
11119,The Chicago School of Professional Psychology at Xavier University of Louisiana,XULA Campus,1 Drexel Drive,New Orleans,LA,701251056,2,"Private nonprofit, 4-year or above",5.0,21.0,26.0,0,1,2,0,"1 Drexel Drive, New Orleans, LA, 701251056",
11191,PiBerry Institute,Main Campus,30356 Old Dixie Hwy,Homestead,FL,330333215,9,"Private for-profit, less-than 2-year",3.0,23.0,26.0,0,0,1,0,"30356 Old Dixie Hwy, Homestead, FL, 330333215",
11237,Clovis Community College,Clovis Community College,10309 N. Willow,Fresno,CA,93730,4,"Public, 2-year",2928.0,3756.0,6684.0,1,0,0,0,"10309 N. Willow, Fresno, CA, 93730",
11243,Milan Institute-Bakersfield West,Main Campus,3115 N. Sillect,Bakersfield,CA,933089301,6,"Private for-profit, 2-year",75.0,3.0,78.0,0,0,0,1,"3115 N. Sillect, Bakersfield, CA, 933089301",
